SubscriptionName,SubscriptionGuid,Date,ResourceGuid,ServiceName,ServiceType,ServiceRegion,ServiceResource,Quantity,Cost
"Patrocinio de Microsoft Azure","01e23971-61c4-4cb3-8d6e-9e6e9dc50790","4/14/2025","0ab798ac-6d96-4ccc-89d1-0cc91dcd5e21","Bandwidth","Inter-Region","Europe","Intra Continent Data Transfer Out","2E-06","0.000000"
"Patrocinio de Microsoft Azure","01e23971-61c4-4cb3-8d6e-9e6e9dc50790","4/18/2025","0ab798ac-6d96-4ccc-89d1-0cc91dcd5e21","Bandwidth","Inter-Region","Europe","Intra Continent Data Transfer Out","2E-06","0.000000"
"Patrocinio de Microsoft Azure","01e23971-61c4-4cb3-8d6e-9e6e9dc50790","4/22/2025","0ab798ac-6d96-4ccc-89d1-0cc91dcd5e21","Bandwidth","Inter-Region","Europe","Intra Continent Data Transfer Out","2E-06","0.000000"
"Patrocinio de Microsoft Azure","01e23971-61c4-4cb3-8d6e-9e6e9dc50790","4/24/2025","0ab798ac-6d96-4ccc-89d1-0cc91dcd5e21","Bandwidth","Inter-Region","Europe","Intra Continent Data Transfer Out","5E-06","0.000000"
"Patrocinio de Microsoft Azure","01e23971-61c4-4cb3-8d6e-9e6e9dc50790","5/26/2025","0ab798ac-6d96-4ccc-89d1-0cc91dcd5e21","Bandwidth","Inter-Region","Europe","Intra Continent Data Transfer Out","5E-06","0.000000"
"Patrocinio de Microsoft Azure","01e23971-61c4-4cb3-8d6e-9e6e9dc50790","5/27/2025","0ab798ac-6d96-4ccc-89d1-0cc91dcd5e21","Bandwidth","Inter-Region","Europe","Intra Continent Data Transfer Out","6.7E-05","0.000000"
"Patrocinio de Microsoft Azure","01e23971-61c4-4cb3-8d6e-9e6e9dc50790","5/28/2025","0ab798ac-6d96-4ccc-89d1-0cc91dcd5e21","Bandwidth","Inter-Region","Europe","Intra Continent Data Transfer Out","1E-06","0.000000"
"Patrocinio de Microsoft Azure","01e23971-61c4-4cb3-8d6e-9e6e9dc50790","5/26/2025","e3a600a6-5a85-4679-9721-1c0d192ed142","Storage","Tables","All","Delete Operations","0.0001","0.000000"
"Patrocinio de Microsoft Azure","01e23971-61c4-4cb3-8d6e-9e6e9dc50790","5/26/2025","e776ccb8-0827-4253-9f8b-23470e8ddbd6","Storage","Queues v2","EU West","LRS Class 1 Operations","0.0004","0.000002"
"Patrocinio de Microsoft Azure","01e23971-61c4-4cb3-8d6e-9e6e9dc50790","4/18/2025","32c3ebec-1646-49e3-8127-2cafbd3a04d8","Bandwidth","Rtn Preference: MGN","All","Standard Data Transfer In","7.1E-05","0.000000"
"Patrocinio de Microsoft Azure","01e23971-61c4-4cb3-8d6e-9e6e9dc50790","4/21/2025","32c3ebec-1646-49e3-8127-2cafbd3a04d8","Bandwidth","Rtn Preference: MGN","All","Standard Data Transfer In","2.5E-05","0.000000"
"Patrocinio de Microsoft Azure","01e23971-61c4-4cb3-8d6e-9e6e9dc50790","4/22/2025","32c3ebec-1646-49e3-8127-2cafbd3a04d8","Bandwidth","Rtn Preference: MGN","All","Standard Data Transfer In","6E-05","0.000000"
"Patrocinio de Microsoft Azure","01e23971-61c4-4cb3-8d6e-9e6e9dc50790","4/23/2025","32c3ebec-1646-49e3-8127-2cafbd3a04d8","Bandwidth","Rtn Preference: MGN","All","Standard Data Transfer In","2E-05","0.000000"
"Patrocinio de Microsoft Azure","01e23971-61c4-4cb3-8d6e-9e6e9dc50790","4/24/2025","32c3ebec-1646-49e3-8127-2cafbd3a04d8","Bandwidth","Rtn Preference: MGN","All","Standard Data Transfer In","0.000519","0.000000"
"Patrocinio de Microsoft Azure","01e23971-61c4-4cb3-8d6e-9e6e9dc50790","5/26/2025","32c3ebec-1646-49e3-8127-2cafbd3a04d8","Bandwidth","Rtn Preference: MGN","All","Standard Data Transfer In","0.004452","0.000000"
"Patrocinio de Microsoft Azure","01e23971-61c4-4cb3-8d6e-9e6e9dc50790","5/27/2025","32c3ebec-1646-49e3-8127-2cafbd3a04d8","Bandwidth","Rtn Preference: MGN","All","Standard Data Transfer In","0.018904","0.000000"
"Patrocinio de Microsoft Azure","01e23971-61c4-4cb3-8d6e-9e6e9dc50790","5/28/2025","32c3ebec-1646-49e3-8127-2cafbd3a04d8","Bandwidth","Rtn Preference: MGN","All","Standard Data Transfer In","7.6E-05","0.000000"
"Patrocinio de Microsoft Azure","01e23971-61c4-4cb3-8d6e-9e6e9dc50790","4/18/2025","6a99015c-d33f-4f46-ae59-2e4d14091aa8","Storage","Files","All","Protocol Operations","0.0055","0.000008"
"Patrocinio de Microsoft Azure","01e23971-61c4-4cb3-8d6e-9e6e9dc50790","4/22/2025","6a99015c-d33f-4f46-ae59-2e4d14091aa8","Storage","Files","All","Protocol Operations","0.0068","0.000010"
"Patrocinio de Microsoft Azure","01e23971-61c4-4cb3-8d6e-9e6e9dc50790","4/24/2025","6a99015c-d33f-4f46-ae59-2e4d14091aa8","Storage","Files","All","Protocol Operations","0.0132","0.000020"
"Patrocinio de Microsoft Azure","01e23971-61c4-4cb3-8d6e-9e6e9dc50790","5/26/2025","6a99015c-d33f-4f46-ae59-2e4d14091aa8","Storage","Files","All","Protocol Operations","0.0539","0.000082"
"Patrocinio de Microsoft Azure","01e23971-61c4-4cb3-8d6e-9e6e9dc50790","5/27/2025","6a99015c-d33f-4f46-ae59-2e4d14091aa8","Storage","Files","All","Protocol Operations","1.5359","0.002304"
"Patrocinio de Microsoft Azure","01e23971-61c4-4cb3-8d6e-9e6e9dc50790","5/28/2025","6a99015c-d33f-4f46-ae59-2e4d14091aa8","Storage","Files","All","Protocol Operations","0.0286","0.000043"
"Patrocinio de Microsoft Azure","01e23971-61c4-4cb3-8d6e-9e6e9dc50790","4/14/2025","796dcdc6-0e8b-485e-9c26-39fe59848b9d","Bandwidth","Inter-Region","Europe","Intra Continent Data Transfer In","3.2E-05","0.000000"
"Patrocinio de Microsoft Azure","01e23971-61c4-4cb3-8d6e-9e6e9dc50790","4/16/2025","796dcdc6-0e8b-485e-9c26-39fe59848b9d","Bandwidth","Inter-Region","Europe","Intra Continent Data Transfer In","8E-06","0.000000"
"Patrocinio de Microsoft Azure","01e23971-61c4-4cb3-8d6e-9e6e9dc50790","4/17/2025","796dcdc6-0e8b-485e-9c26-39fe59848b9d","Bandwidth","Inter-Region","Europe","Intra Continent Data Transfer In","8E-06","0.000000"
"Patrocinio de Microsoft Azure","01e23971-61c4-4cb3-8d6e-9e6e9dc50790","4/18/2025","796dcdc6-0e8b-485e-9c26-39fe59848b9d","Bandwidth","Inter-Region","Europe","Intra Continent Data Transfer In","2.7E-05","0.000000"
"Patrocinio de Microsoft Azure","01e23971-61c4-4cb3-8d6e-9e6e9dc50790","4/21/2025","796dcdc6-0e8b-485e-9c26-39fe59848b9d","Bandwidth","Inter-Region","Europe","Intra Continent Data Transfer In","8E-06","0.000000"
"Patrocinio de Microsoft Azure","01e23971-61c4-4cb3-8d6e-9e6e9dc50790","4/22/2025","796dcdc6-0e8b-485e-9c26-39fe59848b9d","Bandwidth","Inter-Region","Europe","Intra Continent Data Transfer In","4.8E-05","0.000000"
"Patrocinio de Microsoft Azure","01e23971-61c4-4cb3-8d6e-9e6e9dc50790","4/24/2025","796dcdc6-0e8b-485e-9c26-39fe59848b9d","Bandwidth","Inter-Region","Europe","Intra Continent Data Transfer In","6.6E-05","0.000000"
"Patrocinio de Microsoft Azure","01e23971-61c4-4cb3-8d6e-9e6e9dc50790","4/26/2025","796dcdc6-0e8b-485e-9c26-39fe59848b9d","Bandwidth","Inter-Region","Europe","Intra Continent Data Transfer In","8E-06","0.000000"
"Patrocinio de Microsoft Azure","01e23971-61c4-4cb3-8d6e-9e6e9dc50790","4/29/2025","796dcdc6-0e8b-485e-9c26-39fe59848b9d","Bandwidth","Inter-Region","Europe","Intra Continent Data Transfer In","8E-06","0.000000"
"Patrocinio de Microsoft Azure","01e23971-61c4-4cb3-8d6e-9e6e9dc50790","5/1/2025","796dcdc6-0e8b-485e-9c26-39fe59848b9d","Bandwidth","Inter-Region","Europe","Intra Continent Data Transfer In","8E-06","0.000000"
"Patrocinio de Microsoft Azure","01e23971-61c4-4cb3-8d6e-9e6e9dc50790","5/2/2025","796dcdc6-0e8b-485e-9c26-39fe59848b9d","Bandwidth","Inter-Region","Europe","Intra Continent Data Transfer In","8E-06","0.000000"
"Patrocinio de Microsoft Azure","01e23971-61c4-4cb3-8d6e-9e6e9dc50790","5/6/2025","796dcdc6-0e8b-485e-9c26-39fe59848b9d","Bandwidth","Inter-Region","Europe","Intra Continent Data Transfer In","8E-06","0.000000"
"Patrocinio de Microsoft Azure","01e23971-61c4-4cb3-8d6e-9e6e9dc50790","5/7/2025","796dcdc6-0e8b-485e-9c26-39fe59848b9d","Bandwidth","Inter-Region","Europe","Intra Continent Data Transfer In","8E-06","0.000000"
"Patrocinio de Microsoft Azure","01e23971-61c4-4cb3-8d6e-9e6e9dc50790","5/8/2025","796dcdc6-0e8b-485e-9c26-39fe59848b9d","Bandwidth","Inter-Region","Europe","Intra Continent Data Transfer In","8E-06","0.000000"
"Patrocinio de Microsoft Azure","01e23971-61c4-4cb3-8d6e-9e6e9dc50790","5/9/2025","796dcdc6-0e8b-485e-9c26-39fe59848b9d","Bandwidth","Inter-Region","Europe","Intra Continent Data Transfer In","1.6E-05","0.000000"
"Patrocinio de Microsoft Azure","01e23971-61c4-4cb3-8d6e-9e6e9dc50790","5/11/2025","796dcdc6-0e8b-485e-9c26-39fe59848b9d","Bandwidth","Inter-Region","Europe","Intra Continent Data Transfer In","8E-06","0.000000"
"Patrocinio de Microsoft Azure","01e23971-61c4-4cb3-8d6e-9e6e9dc50790","5/12/2025","796dcdc6-0e8b-485e-9c26-39fe59848b9d","Bandwidth","Inter-Region","Europe","Intra Continent Data Transfer In","1.6E-05","0.000000"
"Patrocinio de Microsoft Azure","01e23971-61c4-4cb3-8d6e-9e6e9dc50790","5/14/2025","796dcdc6-0e8b-485e-9c26-39fe59848b9d","Bandwidth","Inter-Region","Europe","Intra Continent Data Transfer In","8E-06","0.000000"
"Patrocinio de Microsoft Azure","01e23971-61c4-4cb3-8d6e-9e6e9dc50790","5/16/2025","796dcdc6-0e8b-485e-9c26-39fe59848b9d","Bandwidth","Inter-Region","Europe","Intra Continent Data Transfer In","8E-06","0.000000"
"Patrocinio de Microsoft Azure","01e23971-61c4-4cb3-8d6e-9e6e9dc50790","5/17/2025","796dcdc6-0e8b-485e-9c26-39fe59848b9d","Bandwidth","Inter-Region","Europe","Intra Continent Data Transfer In","8E-06","0.000000"
"Patrocinio de Microsoft Azure","01e23971-61c4-4cb3-8d6e-9e6e9dc50790","5/19/2025","796dcdc6-0e8b-485e-9c26-39fe59848b9d","Bandwidth","Inter-Region","Europe","Intra Continent Data Transfer In","9E-06","0.000000"
"Patrocinio de Microsoft Azure","01e23971-61c4-4cb3-8d6e-9e6e9dc50790","5/26/2025","796dcdc6-0e8b-485e-9c26-39fe59848b9d","Bandwidth","Inter-Region","Europe","Intra Continent Data Transfer In","9.3E-05","0.000000"
"Patrocinio de Microsoft Azure","01e23971-61c4-4cb3-8d6e-9e6e9dc50790","5/27/2025","796dcdc6-0e8b-485e-9c26-39fe59848b9d","Bandwidth","Inter-Region","Europe","Intra Continent Data Transfer In","9.2E-05","0.000000"
"Patrocinio de Microsoft Azure","01e23971-61c4-4cb3-8d6e-9e6e9dc50790","5/28/2025","796dcdc6-0e8b-485e-9c26-39fe59848b9d","Bandwidth","Inter-Region","Europe","Intra Continent Data Transfer In","1.9E-05","0.000000"
"Patrocinio de Microsoft Azure","01e23971-61c4-4cb3-8d6e-9e6e9dc50790","5/26/2025","ed8a651a-e0a3-4de6-a8ae-3b4ce8cb72cf","Storage","Files","All","LRS Data Stored","1E-06","0.000000"
"Patrocinio de Microsoft Azure","01e23971-61c4-4cb3-8d6e-9e6e9dc50790","5/27/2025","ed8a651a-e0a3-4de6-a8ae-3b4ce8cb72cf","Storage","Files","All","LRS Data Stored","0.000502","0.000038"
"Patrocinio de Microsoft Azure","01e23971-61c4-4cb3-8d6e-9e6e9dc50790","5/28/2025","ed8a651a-e0a3-4de6-a8ae-3b4ce8cb72cf","Storage","Files","All","LRS Data Stored","0.00013","0.000010"
"Patrocinio de Microsoft Azure","01e23971-61c4-4cb3-8d6e-9e6e9dc50790","4/14/2025","3e3981ec-a567-4790-9b06-484295b9b3dc","Storage","Tiered Block Blob","EU West","All Other Operations","0.0012","0.000005"
"Patrocinio de Microsoft Azure","01e23971-61c4-4cb3-8d6e-9e6e9dc50790","4/15/2025","3e3981ec-a567-4790-9b06-484295b9b3dc","Storage","Tiered Block Blob","EU West","All Other Operations","0.0002","0.000001"
"Patrocinio de Microsoft Azure","01e23971-61c4-4cb3-8d6e-9e6e9dc50790","4/16/2025","3e3981ec-a567-4790-9b06-484295b9b3dc","Storage","Tiered Block Blob","EU West","All Other Operations","0.0002","0.000001"
"Patrocinio de Microsoft Azure","01e23971-61c4-4cb3-8d6e-9e6e9dc50790","4/17/2025","3e3981ec-a567-4790-9b06-484295b9b3dc","Storage","Tiered Block Blob","EU West","All Other Operations","0.0002","0.000001"
"Patrocinio de Microsoft Azure","01e23971-61c4-4cb3-8d6e-9e6e9dc50790","4/18/2025","3e3981ec-a567-4790-9b06-484295b9b3dc","Storage","Tiered Block Blob","EU West","All Other Operations","0.0002","0.000001"
"Patrocinio de Microsoft Azure","01e23971-61c4-4cb3-8d6e-9e6e9dc50790","4/19/2025","3e3981ec-a567-4790-9b06-484295b9b3dc","Storage","Tiered Block Blob","EU West","All Other Operations","0.0002","0.000001"
"Patrocinio de Microsoft Azure","01e23971-61c4-4cb3-8d6e-9e6e9dc50790","4/20/2025","3e3981ec-a567-4790-9b06-484295b9b3dc","Storage","Tiered Block Blob","EU West","All Other Operations","0.0002","0.000001"
"Patrocinio de Microsoft Azure","01e23971-61c4-4cb3-8d6e-9e6e9dc50790","4/21/2025","3e3981ec-a567-4790-9b06-484295b9b3dc","Storage","Tiered Block Blob","EU West","All Other Operations","0.0002","0.000001"
"Patrocinio de Microsoft Azure","01e23971-61c4-4cb3-8d6e-9e6e9dc50790","4/22/2025","3e3981ec-a567-4790-9b06-484295b9b3dc","Storage","Tiered Block Blob","EU West","All Other Operations","0.0002","0.000001"
"Patrocinio de Microsoft Azure","01e23971-61c4-4cb3-8d6e-9e6e9dc50790","4/23/2025","3e3981ec-a567-4790-9b06-484295b9b3dc","Storage","Tiered Block Blob","EU West","All Other Operations","0.0002","0.000001"
"Patrocinio de Microsoft Azure","01e23971-61c4-4cb3-8d6e-9e6e9dc50790","4/24/2025","3e3981ec-a567-4790-9b06-484295b9b3dc","Storage","Tiered Block Blob","EU West","All Other Operations","0.0002","0.000001"
"Patrocinio de Microsoft Azure","01e23971-61c4-4cb3-8d6e-9e6e9dc50790","4/25/2025","3e3981ec-a567-4790-9b06-484295b9b3dc","Storage","Tiered Block Blob","EU West","All Other Operations","0.0002","0.000001"
"Patrocinio de Microsoft Azure","01e23971-61c4-4cb3-8d6e-9e6e9dc50790","4/26/2025","3e3981ec-a567-4790-9b06-484295b9b3dc","Storage","Tiered Block Blob","EU West","All Other Operations","0.0004","0.000002"
"Patrocinio de Microsoft Azure","01e23971-61c4-4cb3-8d6e-9e6e9dc50790","4/27/2025","3e3981ec-a567-4790-9b06-484295b9b3dc","Storage","Tiered Block Blob","EU West","All Other Operations","0.0002","0.000001"
"Patrocinio de Microsoft Azure","01e23971-61c4-4cb3-8d6e-9e6e9dc50790","4/28/2025","3e3981ec-a567-4790-9b06-484295b9b3dc","Storage","Tiered Block Blob","EU West","All Other Operations","0.0002","0.000001"
"Patrocinio de Microsoft Azure","01e23971-61c4-4cb3-8d6e-9e6e9dc50790","4/29/2025","3e3981ec-a567-4790-9b06-484295b9b3dc","Storage","Tiered Block Blob","EU West","All Other Operations","0.0002","0.000001"
"Patrocinio de Microsoft Azure","01e23971-61c4-4cb3-8d6e-9e6e9dc50790","5/1/2025","3e3981ec-a567-4790-9b06-484295b9b3dc","Storage","Tiered Block Blob","EU West","All Other Operations","0.0004","0.000002"
"Patrocinio de Microsoft Azure","01e23971-61c4-4cb3-8d6e-9e6e9dc50790","5/2/2025","3e3981ec-a567-4790-9b06-484295b9b3dc","Storage","Tiered Block Blob","EU West","All Other Operations","0.0002","0.000001"
"Patrocinio de Microsoft Azure","01e23971-61c4-4cb3-8d6e-9e6e9dc50790","5/4/2025","3e3981ec-a567-4790-9b06-484295b9b3dc","Storage","Tiered Block Blob","EU West","All Other Operations","0.0002","0.000001"
"Patrocinio de Microsoft Azure","01e23971-61c4-4cb3-8d6e-9e6e9dc50790","5/5/2025","3e3981ec-a567-4790-9b06-484295b9b3dc","Storage","Tiered Block Blob","EU West","All Other Operations","0.0002","0.000001"
"Patrocinio de Microsoft Azure","01e23971-61c4-4cb3-8d6e-9e6e9dc50790","5/6/2025","3e3981ec-a567-4790-9b06-484295b9b3dc","Storage","Tiered Block Blob","EU West","All Other Operations","0.0002","0.000001"
"Patrocinio de Microsoft Azure","01e23971-61c4-4cb3-8d6e-9e6e9dc50790","5/7/2025","3e3981ec-a567-4790-9b06-484295b9b3dc","Storage","Tiered Block Blob","EU West","All Other Operations","0.0004","0.000002"
"Patrocinio de Microsoft Azure","01e23971-61c4-4cb3-8d6e-9e6e9dc50790","5/8/2025","3e3981ec-a567-4790-9b06-484295b9b3dc","Storage","Tiered Block Blob","EU West","All Other Operations","0.0002","0.000001"
"Patrocinio de Microsoft Azure","01e23971-61c4-4cb3-8d6e-9e6e9dc50790","5/9/2025","3e3981ec-a567-4790-9b06-484295b9b3dc","Storage","Tiered Block Blob","EU West","All Other Operations","0.0002","0.000001"
"Patrocinio de Microsoft Azure","01e23971-61c4-4cb3-8d6e-9e6e9dc50790","5/10/2025","3e3981ec-a567-4790-9b06-484295b9b3dc","Storage","Tiered Block Blob","EU West","All Other Operations","0.0002","0.000001"
"Patrocinio de Microsoft Azure","01e23971-61c4-4cb3-8d6e-9e6e9dc50790","5/11/2025","3e3981ec-a567-4790-9b06-484295b9b3dc","Storage","Tiered Block Blob","EU West","All Other Operations","0.0002","0.000001"
"Patrocinio de Microsoft Azure","01e23971-61c4-4cb3-8d6e-9e6e9dc50790","5/12/2025","3e3981ec-a567-4790-9b06-484295b9b3dc","Storage","Tiered Block Blob","EU West","All Other Operations","0.0002","0.000001"
"Patrocinio de Microsoft Azure","01e23971-61c4-4cb3-8d6e-9e6e9dc50790","5/13/2025","3e3981ec-a567-4790-9b06-484295b9b3dc","Storage","Tiered Block Blob","EU West","All Other Operations","0.0002","0.000001"
"Patrocinio de Microsoft Azure","01e23971-61c4-4cb3-8d6e-9e6e9dc50790","5/14/2025","3e3981ec-a567-4790-9b06-484295b9b3dc","Storage","Tiered Block Blob","EU West","All Other Operations","0.0002","0.000001"
"Patrocinio de Microsoft Azure","01e23971-61c4-4cb3-8d6e-9e6e9dc50790","5/15/2025","3e3981ec-a567-4790-9b06-484295b9b3dc","Storage","Tiered Block Blob","EU West","All Other Operations","0.0004","0.000002"
"Patrocinio de Microsoft Azure","01e23971-61c4-4cb3-8d6e-9e6e9dc50790","5/16/2025","3e3981ec-a567-4790-9b06-484295b9b3dc","Storage","Tiered Block Blob","EU West","All Other Operations","0.0004","0.000002"
"Patrocinio de Microsoft Azure","01e23971-61c4-4cb3-8d6e-9e6e9dc50790","5/17/2025","3e3981ec-a567-4790-9b06-484295b9b3dc","Storage","Tiered Block Blob","EU West","All Other Operations","0.0002","0.000001"
"Patrocinio de Microsoft Azure","01e23971-61c4-4cb3-8d6e-9e6e9dc50790","5/18/2025","3e3981ec-a567-4790-9b06-484295b9b3dc","Storage","Tiered Block Blob","EU West","All Other Operations","0.0002","0.000001"
"Patrocinio de Microsoft Azure","01e23971-61c4-4cb3-8d6e-9e6e9dc50790","5/19/2025","3e3981ec-a567-4790-9b06-484295b9b3dc","Storage","Tiered Block Blob","EU West","All Other Operations","0.0002","0.000001"
"Patrocinio de Microsoft Azure","01e23971-61c4-4cb3-8d6e-9e6e9dc50790","5/20/2025","3e3981ec-a567-4790-9b06-484295b9b3dc","Storage","Tiered Block Blob","EU West","All Other Operations","0.0004","0.000002"
"Patrocinio de Microsoft Azure","01e23971-61c4-4cb3-8d6e-9e6e9dc50790","5/22/2025","3e3981ec-a567-4790-9b06-484295b9b3dc","Storage","Tiered Block Blob","EU West","All Other Operations","0.0002","0.000001"
"Patrocinio de Microsoft Azure","01e23971-61c4-4cb3-8d6e-9e6e9dc50790","5/23/2025","3e3981ec-a567-4790-9b06-484295b9b3dc","Storage","Tiered Block Blob","EU West","All Other Operations","0.0002","0.000001"
"Patrocinio de Microsoft Azure","01e23971-61c4-4cb3-8d6e-9e6e9dc50790","5/24/2025","3e3981ec-a567-4790-9b06-484295b9b3dc","Storage","Tiered Block Blob","EU West","All Other Operations","0.0002","0.000001"
"Patrocinio de Microsoft Azure","01e23971-61c4-4cb3-8d6e-9e6e9dc50790","5/25/2025","3e3981ec-a567-4790-9b06-484295b9b3dc","Storage","Tiered Block Blob","EU West","All Other Operations","0.0002","0.000001"
"Patrocinio de Microsoft Azure","01e23971-61c4-4cb3-8d6e-9e6e9dc50790","5/26/2025","3e3981ec-a567-4790-9b06-484295b9b3dc","Storage","Tiered Block Blob","EU West","All Other Operations","0.0055","0.000024"
"Patrocinio de Microsoft Azure","01e23971-61c4-4cb3-8d6e-9e6e9dc50790","5/27/2025","3e3981ec-a567-4790-9b06-484295b9b3dc","Storage","Tiered Block Blob","EU West","All Other Operations","0.0025","0.000011"
"Patrocinio de Microsoft Azure","01e23971-61c4-4cb3-8d6e-9e6e9dc50790","4/14/2025","4e17851a-a733-4d2f-91ce-4cabf5963024","Storage","Tiered Block Blob","EU West","LRS List and Create Container Operations","0.0004","0.000021"
"Patrocinio de Microsoft Azure","01e23971-61c4-4cb3-8d6e-9e6e9dc50790","5/26/2025","4e17851a-a733-4d2f-91ce-4cabf5963024","Storage","Tiered Block Blob","EU West","LRS List and Create Container Operations","0.0023","0.000124"
"Patrocinio de Microsoft Azure","01e23971-61c4-4cb3-8d6e-9e6e9dc50790","5/27/2025","4e17851a-a733-4d2f-91ce-4cabf5963024","Storage","Tiered Block Blob","EU West","LRS List and Create Container Operations","0.0009","0.000049"
"Patrocinio de Microsoft Azure","01e23971-61c4-4cb3-8d6e-9e6e9dc50790","4/18/2025","fa405127-11f9-5d0d-ac47-53511c8d2888","Virtual Machines","Edsv4 Series","EU West","E4ds v4","0.400008","0.138403"
"Patrocinio de Microsoft Azure","01e23971-61c4-4cb3-8d6e-9e6e9dc50790","4/22/2025","fa405127-11f9-5d0d-ac47-53511c8d2888","Virtual Machines","Edsv4 Series","EU West","E4ds v4","0.100002","0.034601"
"Patrocinio de Microsoft Azure","01e23971-61c4-4cb3-8d6e-9e6e9dc50790","5/27/2025","fa405127-11f9-5d0d-ac47-53511c8d2888","Virtual Machines","Edsv4 Series","EU West","E4ds v4","10.100141","3.494648"
"Patrocinio de Microsoft Azure","01e23971-61c4-4cb3-8d6e-9e6e9dc50790","5/28/2025","fa405127-11f9-5d0d-ac47-53511c8d2888","Virtual Machines","Edsv4 Series","EU West","E4ds v4","2.183337","0.755435"
"Patrocinio de Microsoft Azure","01e23971-61c4-4cb3-8d6e-9e6e9dc50790","5/26/2025","10e5ee74-8fd6-4972-909f-65a83f92f0ce","Storage","Tiered Block Blob","EU West","Hot LRS Data Stored","6E-06","0.000000"
"Patrocinio de Microsoft Azure","01e23971-61c4-4cb3-8d6e-9e6e9dc50790","5/27/2025","10e5ee74-8fd6-4972-909f-65a83f92f0ce","Storage","Tiered Block Blob","EU West","Hot LRS Data Stored","0.000417","0.000000"
"Patrocinio de Microsoft Azure","01e23971-61c4-4cb3-8d6e-9e6e9dc50790","5/28/2025","10e5ee74-8fd6-4972-909f-65a83f92f0ce","Storage","Tiered Block Blob","EU West","Hot LRS Data Stored","0.000105","0.000000"
"Patrocinio de Microsoft Azure","01e23971-61c4-4cb3-8d6e-9e6e9dc50790","4/24/2025","54e1847b-fbed-4ef8-90e1-67c6ee344978","Virtual Machines","FSv2 Series","EU West","F2s v2","0.16667","0.016167"
"Patrocinio de Microsoft Azure","01e23971-61c4-4cb3-8d6e-9e6e9dc50790","4/24/2025","767660fa-525b-436f-a375-6da3e26f09b2","Storage","Files","All","Delete Operations","0.0031","0.000000"
"Patrocinio de Microsoft Azure","01e23971-61c4-4cb3-8d6e-9e6e9dc50790","5/26/2025","767660fa-525b-436f-a375-6da3e26f09b2","Storage","Files","All","Delete Operations","0.002","0.000000"
"Patrocinio de Microsoft Azure","01e23971-61c4-4cb3-8d6e-9e6e9dc50790","5/27/2025","767660fa-525b-436f-a375-6da3e26f09b2","Storage","Files","All","Delete Operations","0.0883","0.000000"
"Patrocinio de Microsoft Azure","01e23971-61c4-4cb3-8d6e-9e6e9dc50790","4/14/2025","761abab8-259d-4206-a6ae-707ed03fc540","Storage","Files","All","Read Operations","0.0008","0.000001"
"Patrocinio de Microsoft Azure","01e23971-61c4-4cb3-8d6e-9e6e9dc50790","4/18/2025","761abab8-259d-4206-a6ae-707ed03fc540","Storage","Files","All","Read Operations","0.0095","0.000014"
"Patrocinio de Microsoft Azure","01e23971-61c4-4cb3-8d6e-9e6e9dc50790","4/21/2025","761abab8-259d-4206-a6ae-707ed03fc540","Storage","Files","All","Read Operations","0.0019","0.000003"
"Patrocinio de Microsoft Azure","01e23971-61c4-4cb3-8d6e-9e6e9dc50790","4/22/2025","761abab8-259d-4206-a6ae-707ed03fc540","Storage","Files","All","Read Operations","0.0102","0.000016"
"Patrocinio de Microsoft Azure","01e23971-61c4-4cb3-8d6e-9e6e9dc50790","4/23/2025","761abab8-259d-4206-a6ae-707ed03fc540","Storage","Files","All","Read Operations","0.0016","0.000002"
"Patrocinio de Microsoft Azure","01e23971-61c4-4cb3-8d6e-9e6e9dc50790","4/24/2025","761abab8-259d-4206-a6ae-707ed03fc540","Storage","Files","All","Read Operations","0.0413","0.000062"
"Patrocinio de Microsoft Azure","01e23971-61c4-4cb3-8d6e-9e6e9dc50790","5/26/2025","761abab8-259d-4206-a6ae-707ed03fc540","Storage","Files","All","Read Operations","0.176","0.000264"
"Patrocinio de Microsoft Azure","01e23971-61c4-4cb3-8d6e-9e6e9dc50790","5/27/2025","761abab8-259d-4206-a6ae-707ed03fc540","Storage","Files","All","Read Operations","23.9249","0.035889"
"Patrocinio de Microsoft Azure","01e23971-61c4-4cb3-8d6e-9e6e9dc50790","5/28/2025","761abab8-259d-4206-a6ae-707ed03fc540","Storage","Files","All","Read Operations","0.0333","0.000050"
"Patrocinio de Microsoft Azure","01e23971-61c4-4cb3-8d6e-9e6e9dc50790","4/18/2025","9995d93a-7d35-4d3f-9c69-7a7fea447ef4","Bandwidth","Rtn Preference: MGN","All","Standard Data Transfer Out","6.1E-05","0.000005"
"Patrocinio de Microsoft Azure","01e23971-61c4-4cb3-8d6e-9e6e9dc50790","4/21/2025","9995d93a-7d35-4d3f-9c69-7a7fea447ef4","Bandwidth","Rtn Preference: MGN","All","Standard Data Transfer Out","1.9E-05","0.000002"
"Patrocinio de Microsoft Azure","01e23971-61c4-4cb3-8d6e-9e6e9dc50790","4/22/2025","9995d93a-7d35-4d3f-9c69-7a7fea447ef4","Bandwidth","Rtn Preference: MGN","All","Standard Data Transfer Out","4.7E-05","0.000004"
"Patrocinio de Microsoft Azure","01e23971-61c4-4cb3-8d6e-9e6e9dc50790","4/23/2025","9995d93a-7d35-4d3f-9c69-7a7fea447ef4","Bandwidth","Rtn Preference: MGN","All","Standard Data Transfer Out","1.6E-05","0.000001"
"Patrocinio de Microsoft Azure","01e23971-61c4-4cb3-8d6e-9e6e9dc50790","4/24/2025","9995d93a-7d35-4d3f-9c69-7a7fea447ef4","Bandwidth","Rtn Preference: MGN","All","Standard Data Transfer Out","0.000572","0.000051"
"Patrocinio de Microsoft Azure","01e23971-61c4-4cb3-8d6e-9e6e9dc50790","5/26/2025","9995d93a-7d35-4d3f-9c69-7a7fea447ef4","Bandwidth","Rtn Preference: MGN","All","Standard Data Transfer Out","0.008525","0.000742"
"Patrocinio de Microsoft Azure","01e23971-61c4-4cb3-8d6e-9e6e9dc50790","5/27/2025","9995d93a-7d35-4d3f-9c69-7a7fea447ef4","Bandwidth","Rtn Preference: MGN","All","Standard Data Transfer Out","0.015907","0.001384"
"Patrocinio de Microsoft Azure","01e23971-61c4-4cb3-8d6e-9e6e9dc50790","5/28/2025","9995d93a-7d35-4d3f-9c69-7a7fea447ef4","Bandwidth","Rtn Preference: MGN","All","Standard Data Transfer Out","8.1E-05","0.000007"
"Patrocinio de Microsoft Azure","01e23971-61c4-4cb3-8d6e-9e6e9dc50790","5/26/2025","9a56b4f4-1d78-416e-a19b-815490ad7910","Storage","Tables","All","Scan Operations","0.0001","0.000000"
"Patrocinio de Microsoft Azure","01e23971-61c4-4cb3-8d6e-9e6e9dc50790","4/22/2025","82cd70ab-1aee-4b30-bc04-8b71e1204dbc","Storage","Standard HDD Managed Disks","All","S4 LRS Disk Operations","2.343","0.001171"
"Patrocinio de Microsoft Azure","01e23971-61c4-4cb3-8d6e-9e6e9dc50790","5/26/2025","82cd70ab-1aee-4b30-bc04-8b71e1204dbc","Storage","Standard HDD Managed Disks","All","S4 LRS Disk Operations","8.458","0.004229"
"Patrocinio de Microsoft Azure","01e23971-61c4-4cb3-8d6e-9e6e9dc50790","4/18/2025","137d3f72-fe0e-4a78-b5d0-92d704aa3cac","Storage","Premium SSD Managed Disks","EU West","P10 LRS Disk","0.007773","0.168521"
"Patrocinio de Microsoft Azure","01e23971-61c4-4cb3-8d6e-9e6e9dc50790","4/19/2025","137d3f72-fe0e-4a78-b5d0-92d704aa3cac","Storage","Premium SSD Managed Disks","EU West","P10 LRS Disk","0.033336","0.722736"
"Patrocinio de Microsoft Azure","01e23971-61c4-4cb3-8d6e-9e6e9dc50790","4/20/2025","137d3f72-fe0e-4a78-b5d0-92d704aa3cac","Storage","Premium SSD Managed Disks","EU West","P10 LRS Disk","0.033336","0.722736"
"Patrocinio de Microsoft Azure","01e23971-61c4-4cb3-8d6e-9e6e9dc50790","4/21/2025","137d3f72-fe0e-4a78-b5d0-92d704aa3cac","Storage","Premium SSD Managed Disks","EU West","P10 LRS Disk","0.033336","0.722736"
"Patrocinio de Microsoft Azure","01e23971-61c4-4cb3-8d6e-9e6e9dc50790","4/22/2025","137d3f72-fe0e-4a78-b5d0-92d704aa3cac","Storage","Premium SSD Managed Disks","EU West","P10 LRS Disk","0.044448","0.963648"
"Patrocinio de Microsoft Azure","01e23971-61c4-4cb3-8d6e-9e6e9dc50790","4/23/2025","137d3f72-fe0e-4a78-b5d0-92d704aa3cac","Storage","Premium SSD Managed Disks","EU West","P10 LRS Disk","0.066672","1.445472"
"Patrocinio de Microsoft Azure","01e23971-61c4-4cb3-8d6e-9e6e9dc50790","4/24/2025","137d3f72-fe0e-4a78-b5d0-92d704aa3cac","Storage","Premium SSD Managed Disks","EU West","P10 LRS Disk","0.10005","2.169118"
"Patrocinio de Microsoft Azure","01e23971-61c4-4cb3-8d6e-9e6e9dc50790","4/25/2025","137d3f72-fe0e-4a78-b5d0-92d704aa3cac","Storage","Premium SSD Managed Disks","EU West","P10 LRS Disk","0.133344","2.890944"
"Patrocinio de Microsoft Azure","01e23971-61c4-4cb3-8d6e-9e6e9dc50790","4/26/2025","137d3f72-fe0e-4a78-b5d0-92d704aa3cac","Storage","Premium SSD Managed Disks","EU West","P10 LRS Disk","0.133344","2.890944"
"Patrocinio de Microsoft Azure","01e23971-61c4-4cb3-8d6e-9e6e9dc50790","4/27/2025","137d3f72-fe0e-4a78-b5d0-92d704aa3cac","Storage","Premium SSD Managed Disks","EU West","P10 LRS Disk","0.133344","2.890944"
"Patrocinio de Microsoft Azure","01e23971-61c4-4cb3-8d6e-9e6e9dc50790","4/28/2025","137d3f72-fe0e-4a78-b5d0-92d704aa3cac","Storage","Premium SSD Managed Disks","EU West","P10 LRS Disk","0.133344","2.890944"
"Patrocinio de Microsoft Azure","01e23971-61c4-4cb3-8d6e-9e6e9dc50790","4/29/2025","137d3f72-fe0e-4a78-b5d0-92d704aa3cac","Storage","Premium SSD Managed Disks","EU West","P10 LRS Disk","0.133344","2.890944"
"Patrocinio de Microsoft Azure","01e23971-61c4-4cb3-8d6e-9e6e9dc50790","4/30/2025","137d3f72-fe0e-4a78-b5d0-92d704aa3cac","Storage","Premium SSD Managed Disks","EU West","P10 LRS Disk","0.133344","2.890944"
"Patrocinio de Microsoft Azure","01e23971-61c4-4cb3-8d6e-9e6e9dc50790","5/1/2025","137d3f72-fe0e-4a78-b5d0-92d704aa3cac","Storage","Premium SSD Managed Disks","EU West","P10 LRS Disk","0.129024","2.797248"
"Patrocinio de Microsoft Azure","01e23971-61c4-4cb3-8d6e-9e6e9dc50790","5/2/2025","137d3f72-fe0e-4a78-b5d0-92d704aa3cac","Storage","Premium SSD Managed Disks","EU West","P10 LRS Disk","0.129024","2.797248"
"Patrocinio de Microsoft Azure","01e23971-61c4-4cb3-8d6e-9e6e9dc50790","5/3/2025","137d3f72-fe0e-4a78-b5d0-92d704aa3cac","Storage","Premium SSD Managed Disks","EU West","P10 LRS Disk","0.129024","2.797248"
"Patrocinio de Microsoft Azure","01e23971-61c4-4cb3-8d6e-9e6e9dc50790","5/4/2025","137d3f72-fe0e-4a78-b5d0-92d704aa3cac","Storage","Premium SSD Managed Disks","EU West","P10 LRS Disk","0.129024","2.797248"
"Patrocinio de Microsoft Azure","01e23971-61c4-4cb3-8d6e-9e6e9dc50790","5/5/2025","137d3f72-fe0e-4a78-b5d0-92d704aa3cac","Storage","Premium SSD Managed Disks","EU West","P10 LRS Disk","0.129024","2.797248"
"Patrocinio de Microsoft Azure","01e23971-61c4-4cb3-8d6e-9e6e9dc50790","5/6/2025","137d3f72-fe0e-4a78-b5d0-92d704aa3cac","Storage","Premium SSD Managed Disks","EU West","P10 LRS Disk","0.129024","2.797248"
"Patrocinio de Microsoft Azure","01e23971-61c4-4cb3-8d6e-9e6e9dc50790","5/7/2025","137d3f72-fe0e-4a78-b5d0-92d704aa3cac","Storage","Premium SSD Managed Disks","EU West","P10 LRS Disk","0.129024","2.797248"
"Patrocinio de Microsoft Azure","01e23971-61c4-4cb3-8d6e-9e6e9dc50790","5/8/2025","137d3f72-fe0e-4a78-b5d0-92d704aa3cac","Storage","Premium SSD Managed Disks","EU West","P10 LRS Disk","0.129024","2.797248"
"Patrocinio de Microsoft Azure","01e23971-61c4-4cb3-8d6e-9e6e9dc50790","5/9/2025","137d3f72-fe0e-4a78-b5d0-92d704aa3cac","Storage","Premium SSD Managed Disks","EU West","P10 LRS Disk","0.129024","2.797248"
"Patrocinio de Microsoft Azure","01e23971-61c4-4cb3-8d6e-9e6e9dc50790","5/10/2025","137d3f72-fe0e-4a78-b5d0-92d704aa3cac","Storage","Premium SSD Managed Disks","EU West","P10 LRS Disk","0.129024","2.797248"
"Patrocinio de Microsoft Azure","01e23971-61c4-4cb3-8d6e-9e6e9dc50790","5/11/2025","137d3f72-fe0e-4a78-b5d0-92d704aa3cac","Storage","Premium SSD Managed Disks","EU West","P10 LRS Disk","0.129024","2.797248"
"Patrocinio de Microsoft Azure","01e23971-61c4-4cb3-8d6e-9e6e9dc50790","5/12/2025","137d3f72-fe0e-4a78-b5d0-92d704aa3cac","Storage","Premium SSD Managed Disks","EU West","P10 LRS Disk","0.129024","2.797248"
"Patrocinio de Microsoft Azure","01e23971-61c4-4cb3-8d6e-9e6e9dc50790","5/13/2025","137d3f72-fe0e-4a78-b5d0-92d704aa3cac","Storage","Premium SSD Managed Disks","EU West","P10 LRS Disk","0.129024","2.797248"
"Patrocinio de Microsoft Azure","01e23971-61c4-4cb3-8d6e-9e6e9dc50790","5/14/2025","137d3f72-fe0e-4a78-b5d0-92d704aa3cac","Storage","Premium SSD Managed Disks","EU West","P10 LRS Disk","0.129024","2.797248"
"Patrocinio de Microsoft Azure","01e23971-61c4-4cb3-8d6e-9e6e9dc50790","5/15/2025","137d3f72-fe0e-4a78-b5d0-92d704aa3cac","Storage","Premium SSD Managed Disks","EU West","P10 LRS Disk","0.129024","2.797248"
"Patrocinio de Microsoft Azure","01e23971-61c4-4cb3-8d6e-9e6e9dc50790","5/16/2025","137d3f72-fe0e-4a78-b5d0-92d704aa3cac","Storage","Premium SSD Managed Disks","EU West","P10 LRS Disk","0.129024","2.797248"
"Patrocinio de Microsoft Azure","01e23971-61c4-4cb3-8d6e-9e6e9dc50790","5/17/2025","137d3f72-fe0e-4a78-b5d0-92d704aa3cac","Storage","Premium SSD Managed Disks","EU West","P10 LRS Disk","0.129024","2.797248"
"Patrocinio de Microsoft Azure","01e23971-61c4-4cb3-8d6e-9e6e9dc50790","5/18/2025","137d3f72-fe0e-4a78-b5d0-92d704aa3cac","Storage","Premium SSD Managed Disks","EU West","P10 LRS Disk","0.129024","2.797248"
"Patrocinio de Microsoft Azure","01e23971-61c4-4cb3-8d6e-9e6e9dc50790","5/19/2025","137d3f72-fe0e-4a78-b5d0-92d704aa3cac","Storage","Premium SSD Managed Disks","EU West","P10 LRS Disk","0.129024","2.797248"
"Patrocinio de Microsoft Azure","01e23971-61c4-4cb3-8d6e-9e6e9dc50790","5/20/2025","137d3f72-fe0e-4a78-b5d0-92d704aa3cac","Storage","Premium SSD Managed Disks","EU West","P10 LRS Disk","0.129024","2.797248"
"Patrocinio de Microsoft Azure","01e23971-61c4-4cb3-8d6e-9e6e9dc50790","5/21/2025","137d3f72-fe0e-4a78-b5d0-92d704aa3cac","Storage","Premium SSD Managed Disks","EU West","P10 LRS Disk","0.129024","2.797248"
"Patrocinio de Microsoft Azure","01e23971-61c4-4cb3-8d6e-9e6e9dc50790","5/22/2025","137d3f72-fe0e-4a78-b5d0-92d704aa3cac","Storage","Premium SSD Managed Disks","EU West","P10 LRS Disk","0.129024","2.797248"
"Patrocinio de Microsoft Azure","01e23971-61c4-4cb3-8d6e-9e6e9dc50790","5/23/2025","137d3f72-fe0e-4a78-b5d0-92d704aa3cac","Storage","Premium SSD Managed Disks","EU West","P10 LRS Disk","0.129024","2.797248"
"Patrocinio de Microsoft Azure","01e23971-61c4-4cb3-8d6e-9e6e9dc50790","5/24/2025","137d3f72-fe0e-4a78-b5d0-92d704aa3cac","Storage","Premium SSD Managed Disks","EU West","P10 LRS Disk","0.129024","2.797248"
"Patrocinio de Microsoft Azure","01e23971-61c4-4cb3-8d6e-9e6e9dc50790","5/25/2025","137d3f72-fe0e-4a78-b5d0-92d704aa3cac","Storage","Premium SSD Managed Disks","EU West","P10 LRS Disk","0.129024","2.797248"
"Patrocinio de Microsoft Azure","01e23971-61c4-4cb3-8d6e-9e6e9dc50790","5/26/2025","137d3f72-fe0e-4a78-b5d0-92d704aa3cac","Storage","Premium SSD Managed Disks","EU West","P10 LRS Disk","0.129024","2.797248"
"Patrocinio de Microsoft Azure","01e23971-61c4-4cb3-8d6e-9e6e9dc50790","5/27/2025","137d3f72-fe0e-4a78-b5d0-92d704aa3cac","Storage","Premium SSD Managed Disks","EU West","P10 LRS Disk","0.314584","6.820199"
"Patrocinio de Microsoft Azure","01e23971-61c4-4cb3-8d6e-9e6e9dc50790","5/28/2025","137d3f72-fe0e-4a78-b5d0-92d704aa3cac","Storage","Premium SSD Managed Disks","EU West","P10 LRS Disk","0.111552","2.418454"
"Patrocinio de Microsoft Azure","01e23971-61c4-4cb3-8d6e-9e6e9dc50790","5/26/2025","5b2f9d7e-7534-4a11-b3a8-977a93fcb889","Storage","Queues v2","EU West","Class 2 Operations","0.0003","0.000001"
"Patrocinio de Microsoft Azure","01e23971-61c4-4cb3-8d6e-9e6e9dc50790","5/26/2025","12da282f-7e96-49e2-983a-9a65da2a4866","Storage","Tables","All","Read Operations","0.002","0.000001"
"Patrocinio de Microsoft Azure","01e23971-61c4-4cb3-8d6e-9e6e9dc50790","4/14/2025","f90f81d2-238a-49d0-9f1b-9df13a859843","Storage","Files","All","LRS Write Operations","0.0006","0.000009"
"Patrocinio de Microsoft Azure","01e23971-61c4-4cb3-8d6e-9e6e9dc50790","4/18/2025","f90f81d2-238a-49d0-9f1b-9df13a859843","Storage","Files","All","LRS Write Operations","0.0063","0.000095"
"Patrocinio de Microsoft Azure","01e23971-61c4-4cb3-8d6e-9e6e9dc50790","4/21/2025","f90f81d2-238a-49d0-9f1b-9df13a859843","Storage","Files","All","LRS Write Operations","0.0004","0.000006"
"Patrocinio de Microsoft Azure","01e23971-61c4-4cb3-8d6e-9e6e9dc50790","4/22/2025","f90f81d2-238a-49d0-9f1b-9df13a859843","Storage","Files","All","LRS Write Operations","0.008","0.000121"
"Patrocinio de Microsoft Azure","01e23971-61c4-4cb3-8d6e-9e6e9dc50790","4/23/2025","f90f81d2-238a-49d0-9f1b-9df13a859843","Storage","Files","All","LRS Write Operations","0.0015","0.000022"
"Patrocinio de Microsoft Azure","01e23971-61c4-4cb3-8d6e-9e6e9dc50790","4/24/2025","f90f81d2-238a-49d0-9f1b-9df13a859843","Storage","Files","All","LRS Write Operations","0.0159","0.000240"
"Patrocinio de Microsoft Azure","01e23971-61c4-4cb3-8d6e-9e6e9dc50790","5/26/2025","f90f81d2-238a-49d0-9f1b-9df13a859843","Storage","Files","All","LRS Write Operations","0.0906","0.001360"
"Patrocinio de Microsoft Azure","01e23971-61c4-4cb3-8d6e-9e6e9dc50790","5/27/2025","f90f81d2-238a-49d0-9f1b-9df13a859843","Storage","Files","All","LRS Write Operations","2.0865","0.031299"
"Patrocinio de Microsoft Azure","01e23971-61c4-4cb3-8d6e-9e6e9dc50790","5/28/2025","f90f81d2-238a-49d0-9f1b-9df13a859843","Storage","Files","All","LRS Write Operations","0.0295","0.000444"
"Patrocinio de Microsoft Azure","01e23971-61c4-4cb3-8d6e-9e6e9dc50790","5/26/2025","36c961e5-3c53-4481-b339-a10c6fe0f491","Storage","Tiered Block Blob","EU West","Hot Read Operations","0.0007","0.000003"
"Patrocinio de Microsoft Azure","01e23971-61c4-4cb3-8d6e-9e6e9dc50790","5/26/2025","9cb0bde8-bc0d-468c-8423-a25fe06779d3","Storage","Tables","All","Write Operations","0.0003","0.000000"
"Patrocinio de Microsoft Azure","01e23971-61c4-4cb3-8d6e-9e6e9dc50790","4/24/2025","f052e8d7-f936-4165-af21-bf7c12c22216","Virtual Machines","Dv3/DSv3 Series","EU West","D2 v3/D2s v3","0.216671","0.026000"
"Patrocinio de Microsoft Azure","01e23971-61c4-4cb3-8d6e-9e6e9dc50790","5/26/2025","f052e8d7-f936-4165-af21-bf7c12c22216","Virtual Machines","Dv3/DSv3 Series","EU West","D2 v3/D2s v3","2.650033","0.318004"
"Patrocinio de Microsoft Azure","01e23971-61c4-4cb3-8d6e-9e6e9dc50790","5/26/2025","beb1457b-1ab8-4e38-8021-bf7e39b1014b","Bandwidth","Inter-Region","Intercontinental","Inter Continent Data Transfer Out - NAM or EU To Any","4E-05","0.000001"
"Patrocinio de Microsoft Azure","01e23971-61c4-4cb3-8d6e-9e6e9dc50790","5/27/2025","beb1457b-1ab8-4e38-8021-bf7e39b1014b","Bandwidth","Inter-Region","Intercontinental","Inter Continent Data Transfer Out - NAM or EU To Any","0.000297","0.000013"
"Patrocinio de Microsoft Azure","01e23971-61c4-4cb3-8d6e-9e6e9dc50790","5/28/2025","beb1457b-1ab8-4e38-8021-bf7e39b1014b","Bandwidth","Inter-Region","Intercontinental","Inter Continent Data Transfer Out - NAM or EU To Any","1.8E-05","0.000000"
"Patrocinio de Microsoft Azure","01e23971-61c4-4cb3-8d6e-9e6e9dc50790","4/18/2025","9c150bf9-2bad-430e-a53c-c213804f49ef","Virtual Network","IP Addresses","All","Standard IPv4 Static Public IP","5.594444","0.027972"
"Patrocinio de Microsoft Azure","01e23971-61c4-4cb3-8d6e-9e6e9dc50790","4/19/2025","9c150bf9-2bad-430e-a53c-c213804f49ef","Virtual Network","IP Addresses","All","Standard IPv4 Static Public IP","24","0.120000"
"Patrocinio de Microsoft Azure","01e23971-61c4-4cb3-8d6e-9e6e9dc50790","4/20/2025","9c150bf9-2bad-430e-a53c-c213804f49ef","Virtual Network","IP Addresses","All","Standard IPv4 Static Public IP","24","0.120000"
"Patrocinio de Microsoft Azure","01e23971-61c4-4cb3-8d6e-9e6e9dc50790","4/21/2025","9c150bf9-2bad-430e-a53c-c213804f49ef","Virtual Network","IP Addresses","All","Standard IPv4 Static Public IP","24","0.120000"
"Patrocinio de Microsoft Azure","01e23971-61c4-4cb3-8d6e-9e6e9dc50790","4/22/2025","9c150bf9-2bad-430e-a53c-c213804f49ef","Virtual Network","IP Addresses","All","Standard IPv4 Static Public IP","39.880833","0.199404"
"Patrocinio de Microsoft Azure","01e23971-61c4-4cb3-8d6e-9e6e9dc50790","4/23/2025","9c150bf9-2bad-430e-a53c-c213804f49ef","Virtual Network","IP Addresses","All","Standard IPv4 Static Public IP","72","0.360000"
"Patrocinio de Microsoft Azure","01e23971-61c4-4cb3-8d6e-9e6e9dc50790","4/24/2025","9c150bf9-2bad-430e-a53c-c213804f49ef","Virtual Network","IP Addresses","All","Standard IPv4 Static Public IP","96.046944","0.480235"
"Patrocinio de Microsoft Azure","01e23971-61c4-4cb3-8d6e-9e6e9dc50790","4/25/2025","9c150bf9-2bad-430e-a53c-c213804f49ef","Virtual Network","IP Addresses","All","Standard IPv4 Static Public IP","120","0.600000"
"Patrocinio de Microsoft Azure","01e23971-61c4-4cb3-8d6e-9e6e9dc50790","4/26/2025","9c150bf9-2bad-430e-a53c-c213804f49ef","Virtual Network","IP Addresses","All","Standard IPv4 Static Public IP","120","0.600000"
"Patrocinio de Microsoft Azure","01e23971-61c4-4cb3-8d6e-9e6e9dc50790","4/27/2025","9c150bf9-2bad-430e-a53c-c213804f49ef","Virtual Network","IP Addresses","All","Standard IPv4 Static Public IP","120","0.600000"
"Patrocinio de Microsoft Azure","01e23971-61c4-4cb3-8d6e-9e6e9dc50790","4/28/2025","9c150bf9-2bad-430e-a53c-c213804f49ef","Virtual Network","IP Addresses","All","Standard IPv4 Static Public IP","120","0.600000"
"Patrocinio de Microsoft Azure","01e23971-61c4-4cb3-8d6e-9e6e9dc50790","4/29/2025","9c150bf9-2bad-430e-a53c-c213804f49ef","Virtual Network","IP Addresses","All","Standard IPv4 Static Public IP","120","0.600000"
"Patrocinio de Microsoft Azure","01e23971-61c4-4cb3-8d6e-9e6e9dc50790","4/30/2025","9c150bf9-2bad-430e-a53c-c213804f49ef","Virtual Network","IP Addresses","All","Standard IPv4 Static Public IP","120","0.600000"
"Patrocinio de Microsoft Azure","01e23971-61c4-4cb3-8d6e-9e6e9dc50790","5/1/2025","9c150bf9-2bad-430e-a53c-c213804f49ef","Virtual Network","IP Addresses","All","Standard IPv4 Static Public IP","120","0.600000"
"Patrocinio de Microsoft Azure","01e23971-61c4-4cb3-8d6e-9e6e9dc50790","5/2/2025","9c150bf9-2bad-430e-a53c-c213804f49ef","Virtual Network","IP Addresses","All","Standard IPv4 Static Public IP","120","0.600000"
"Patrocinio de Microsoft Azure","01e23971-61c4-4cb3-8d6e-9e6e9dc50790","5/3/2025","9c150bf9-2bad-430e-a53c-c213804f49ef","Virtual Network","IP Addresses","All","Standard IPv4 Static Public IP","120","0.600000"
"Patrocinio de Microsoft Azure","01e23971-61c4-4cb3-8d6e-9e6e9dc50790","5/4/2025","9c150bf9-2bad-430e-a53c-c213804f49ef","Virtual Network","IP Addresses","All","Standard IPv4 Static Public IP","120","0.600000"
"Patrocinio de Microsoft Azure","01e23971-61c4-4cb3-8d6e-9e6e9dc50790","5/5/2025","9c150bf9-2bad-430e-a53c-c213804f49ef","Virtual Network","IP Addresses","All","Standard IPv4 Static Public IP","120","0.600000"
"Patrocinio de Microsoft Azure","01e23971-61c4-4cb3-8d6e-9e6e9dc50790","5/6/2025","9c150bf9-2bad-430e-a53c-c213804f49ef","Virtual Network","IP Addresses","All","Standard IPv4 Static Public IP","120","0.600000"
"Patrocinio de Microsoft Azure","01e23971-61c4-4cb3-8d6e-9e6e9dc50790","5/7/2025","9c150bf9-2bad-430e-a53c-c213804f49ef","Virtual Network","IP Addresses","All","Standard IPv4 Static Public IP","120","0.600000"
"Patrocinio de Microsoft Azure","01e23971-61c4-4cb3-8d6e-9e6e9dc50790","5/8/2025","9c150bf9-2bad-430e-a53c-c213804f49ef","Virtual Network","IP Addresses","All","Standard IPv4 Static Public IP","120","0.600000"
"Patrocinio de Microsoft Azure","01e23971-61c4-4cb3-8d6e-9e6e9dc50790","5/9/2025","9c150bf9-2bad-430e-a53c-c213804f49ef","Virtual Network","IP Addresses","All","Standard IPv4 Static Public IP","120","0.600000"
"Patrocinio de Microsoft Azure","01e23971-61c4-4cb3-8d6e-9e6e9dc50790","5/10/2025","9c150bf9-2bad-430e-a53c-c213804f49ef","Virtual Network","IP Addresses","All","Standard IPv4 Static Public IP","120","0.600000"
"Patrocinio de Microsoft Azure","01e23971-61c4-4cb3-8d6e-9e6e9dc50790","5/11/2025","9c150bf9-2bad-430e-a53c-c213804f49ef","Virtual Network","IP Addresses","All","Standard IPv4 Static Public IP","120","0.600000"
"Patrocinio de Microsoft Azure","01e23971-61c4-4cb3-8d6e-9e6e9dc50790","5/12/2025","9c150bf9-2bad-430e-a53c-c213804f49ef","Virtual Network","IP Addresses","All","Standard IPv4 Static Public IP","120","0.600000"
"Patrocinio de Microsoft Azure","01e23971-61c4-4cb3-8d6e-9e6e9dc50790","5/13/2025","9c150bf9-2bad-430e-a53c-c213804f49ef","Virtual Network","IP Addresses","All","Standard IPv4 Static Public IP","120","0.600000"
"Patrocinio de Microsoft Azure","01e23971-61c4-4cb3-8d6e-9e6e9dc50790","5/14/2025","9c150bf9-2bad-430e-a53c-c213804f49ef","Virtual Network","IP Addresses","All","Standard IPv4 Static Public IP","120","0.600000"
"Patrocinio de Microsoft Azure","01e23971-61c4-4cb3-8d6e-9e6e9dc50790","5/15/2025","9c150bf9-2bad-430e-a53c-c213804f49ef","Virtual Network","IP Addresses","All","Standard IPv4 Static Public IP","120","0.600000"
"Patrocinio de Microsoft Azure","01e23971-61c4-4cb3-8d6e-9e6e9dc50790","5/16/2025","9c150bf9-2bad-430e-a53c-c213804f49ef","Virtual Network","IP Addresses","All","Standard IPv4 Static Public IP","120","0.600000"
"Patrocinio de Microsoft Azure","01e23971-61c4-4cb3-8d6e-9e6e9dc50790","5/17/2025","9c150bf9-2bad-430e-a53c-c213804f49ef","Virtual Network","IP Addresses","All","Standard IPv4 Static Public IP","120","0.600000"
"Patrocinio de Microsoft Azure","01e23971-61c4-4cb3-8d6e-9e6e9dc50790","5/18/2025","9c150bf9-2bad-430e-a53c-c213804f49ef","Virtual Network","IP Addresses","All","Standard IPv4 Static Public IP","120","0.600000"
"Patrocinio de Microsoft Azure","01e23971-61c4-4cb3-8d6e-9e6e9dc50790","5/19/2025","9c150bf9-2bad-430e-a53c-c213804f49ef","Virtual Network","IP Addresses","All","Standard IPv4 Static Public IP","120","0.600000"
"Patrocinio de Microsoft Azure","01e23971-61c4-4cb3-8d6e-9e6e9dc50790","5/20/2025","9c150bf9-2bad-430e-a53c-c213804f49ef","Virtual Network","IP Addresses","All","Standard IPv4 Static Public IP","120","0.600000"
"Patrocinio de Microsoft Azure","01e23971-61c4-4cb3-8d6e-9e6e9dc50790","5/21/2025","9c150bf9-2bad-430e-a53c-c213804f49ef","Virtual Network","IP Addresses","All","Standard IPv4 Static Public IP","120","0.600000"
"Patrocinio de Microsoft Azure","01e23971-61c4-4cb3-8d6e-9e6e9dc50790","5/22/2025","9c150bf9-2bad-430e-a53c-c213804f49ef","Virtual Network","IP Addresses","All","Standard IPv4 Static Public IP","120","0.600000"
"Patrocinio de Microsoft Azure","01e23971-61c4-4cb3-8d6e-9e6e9dc50790","5/23/2025","9c150bf9-2bad-430e-a53c-c213804f49ef","Virtual Network","IP Addresses","All","Standard IPv4 Static Public IP","120","0.600000"
"Patrocinio de Microsoft Azure","01e23971-61c4-4cb3-8d6e-9e6e9dc50790","5/24/2025","9c150bf9-2bad-430e-a53c-c213804f49ef","Virtual Network","IP Addresses","All","Standard IPv4 Static Public IP","120","0.600000"
"Patrocinio de Microsoft Azure","01e23971-61c4-4cb3-8d6e-9e6e9dc50790","5/25/2025","9c150bf9-2bad-430e-a53c-c213804f49ef","Virtual Network","IP Addresses","All","Standard IPv4 Static Public IP","120","0.600000"
"Patrocinio de Microsoft Azure","01e23971-61c4-4cb3-8d6e-9e6e9dc50790","5/26/2025","9c150bf9-2bad-430e-a53c-c213804f49ef","Virtual Network","IP Addresses","All","Standard IPv4 Static Public IP","120","0.600000"
"Patrocinio de Microsoft Azure","01e23971-61c4-4cb3-8d6e-9e6e9dc50790","5/27/2025","9c150bf9-2bad-430e-a53c-c213804f49ef","Virtual Network","IP Addresses","All","Standard IPv4 Static Public IP","373.006665","1.865036"
"Patrocinio de Microsoft Azure","01e23971-61c4-4cb3-8d6e-9e6e9dc50790","5/28/2025","9c150bf9-2bad-430e-a53c-c213804f49ef","Virtual Network","IP Addresses","All","Standard IPv4 Static Public IP","147","0.735000"
"Patrocinio de Microsoft Azure","01e23971-61c4-4cb3-8d6e-9e6e9dc50790","4/22/2025","e7ee9909-19a9-49e9-855c-c5226617df19","Storage","Standard HDD Managed Disks","EU West","S10 LRS Disk","0.011185","0.065854"
"Patrocinio de Microsoft Azure","01e23971-61c4-4cb3-8d6e-9e6e9dc50790","4/23/2025","e7ee9909-19a9-49e9-855c-c5226617df19","Storage","Standard HDD Managed Disks","EU West","S10 LRS Disk","0.033336","0.196272"
"Patrocinio de Microsoft Azure","01e23971-61c4-4cb3-8d6e-9e6e9dc50790","4/24/2025","e7ee9909-19a9-49e9-855c-c5226617df19","Storage","Standard HDD Managed Disks","EU West","S10 LRS Disk","0.033336","0.196272"
"Patrocinio de Microsoft Azure","01e23971-61c4-4cb3-8d6e-9e6e9dc50790","4/25/2025","e7ee9909-19a9-49e9-855c-c5226617df19","Storage","Standard HDD Managed Disks","EU West","S10 LRS Disk","0.033336","0.196272"
"Patrocinio de Microsoft Azure","01e23971-61c4-4cb3-8d6e-9e6e9dc50790","4/26/2025","e7ee9909-19a9-49e9-855c-c5226617df19","Storage","Standard HDD Managed Disks","EU West","S10 LRS Disk","0.033336","0.196272"
"Patrocinio de Microsoft Azure","01e23971-61c4-4cb3-8d6e-9e6e9dc50790","4/27/2025","e7ee9909-19a9-49e9-855c-c5226617df19","Storage","Standard HDD Managed Disks","EU West","S10 LRS Disk","0.033336","0.196272"
"Patrocinio de Microsoft Azure","01e23971-61c4-4cb3-8d6e-9e6e9dc50790","4/28/2025","e7ee9909-19a9-49e9-855c-c5226617df19","Storage","Standard HDD Managed Disks","EU West","S10 LRS Disk","0.033336","0.196272"
"Patrocinio de Microsoft Azure","01e23971-61c4-4cb3-8d6e-9e6e9dc50790","4/29/2025","e7ee9909-19a9-49e9-855c-c5226617df19","Storage","Standard HDD Managed Disks","EU West","S10 LRS Disk","0.033336","0.196272"
"Patrocinio de Microsoft Azure","01e23971-61c4-4cb3-8d6e-9e6e9dc50790","4/30/2025","e7ee9909-19a9-49e9-855c-c5226617df19","Storage","Standard HDD Managed Disks","EU West","S10 LRS Disk","0.033336","0.196272"
"Patrocinio de Microsoft Azure","01e23971-61c4-4cb3-8d6e-9e6e9dc50790","5/1/2025","e7ee9909-19a9-49e9-855c-c5226617df19","Storage","Standard HDD Managed Disks","EU West","S10 LRS Disk","0.032256","0.189912"
"Patrocinio de Microsoft Azure","01e23971-61c4-4cb3-8d6e-9e6e9dc50790","5/2/2025","e7ee9909-19a9-49e9-855c-c5226617df19","Storage","Standard HDD Managed Disks","EU West","S10 LRS Disk","0.032256","0.189912"
"Patrocinio de Microsoft Azure","01e23971-61c4-4cb3-8d6e-9e6e9dc50790","5/3/2025","e7ee9909-19a9-49e9-855c-c5226617df19","Storage","Standard HDD Managed Disks","EU West","S10 LRS Disk","0.032256","0.189912"
"Patrocinio de Microsoft Azure","01e23971-61c4-4cb3-8d6e-9e6e9dc50790","5/4/2025","e7ee9909-19a9-49e9-855c-c5226617df19","Storage","Standard HDD Managed Disks","EU West","S10 LRS Disk","0.032256","0.189912"
"Patrocinio de Microsoft Azure","01e23971-61c4-4cb3-8d6e-9e6e9dc50790","5/5/2025","e7ee9909-19a9-49e9-855c-c5226617df19","Storage","Standard HDD Managed Disks","EU West","S10 LRS Disk","0.032256","0.189912"
"Patrocinio de Microsoft Azure","01e23971-61c4-4cb3-8d6e-9e6e9dc50790","5/6/2025","e7ee9909-19a9-49e9-855c-c5226617df19","Storage","Standard HDD Managed Disks","EU West","S10 LRS Disk","0.032256","0.189912"
"Patrocinio de Microsoft Azure","01e23971-61c4-4cb3-8d6e-9e6e9dc50790","5/7/2025","e7ee9909-19a9-49e9-855c-c5226617df19","Storage","Standard HDD Managed Disks","EU West","S10 LRS Disk","0.032256","0.189912"
"Patrocinio de Microsoft Azure","01e23971-61c4-4cb3-8d6e-9e6e9dc50790","5/8/2025","e7ee9909-19a9-49e9-855c-c5226617df19","Storage","Standard HDD Managed Disks","EU West","S10 LRS Disk","0.032256","0.189912"
"Patrocinio de Microsoft Azure","01e23971-61c4-4cb3-8d6e-9e6e9dc50790","5/9/2025","e7ee9909-19a9-49e9-855c-c5226617df19","Storage","Standard HDD Managed Disks","EU West","S10 LRS Disk","0.032256","0.189912"
"Patrocinio de Microsoft Azure","01e23971-61c4-4cb3-8d6e-9e6e9dc50790","5/10/2025","e7ee9909-19a9-49e9-855c-c5226617df19","Storage","Standard HDD Managed Disks","EU West","S10 LRS Disk","0.032256","0.189912"
"Patrocinio de Microsoft Azure","01e23971-61c4-4cb3-8d6e-9e6e9dc50790","5/11/2025","e7ee9909-19a9-49e9-855c-c5226617df19","Storage","Standard HDD Managed Disks","EU West","S10 LRS Disk","0.032256","0.189912"
"Patrocinio de Microsoft Azure","01e23971-61c4-4cb3-8d6e-9e6e9dc50790","5/12/2025","e7ee9909-19a9-49e9-855c-c5226617df19","Storage","Standard HDD Managed Disks","EU West","S10 LRS Disk","0.032256","0.189912"
"Patrocinio de Microsoft Azure","01e23971-61c4-4cb3-8d6e-9e6e9dc50790","5/13/2025","e7ee9909-19a9-49e9-855c-c5226617df19","Storage","Standard HDD Managed Disks","EU West","S10 LRS Disk","0.032256","0.189912"
"Patrocinio de Microsoft Azure","01e23971-61c4-4cb3-8d6e-9e6e9dc50790","5/14/2025","e7ee9909-19a9-49e9-855c-c5226617df19","Storage","Standard HDD Managed Disks","EU West","S10 LRS Disk","0.032256","0.189912"
"Patrocinio de Microsoft Azure","01e23971-61c4-4cb3-8d6e-9e6e9dc50790","5/15/2025","e7ee9909-19a9-49e9-855c-c5226617df19","Storage","Standard HDD Managed Disks","EU West","S10 LRS Disk","0.032256","0.189912"
"Patrocinio de Microsoft Azure","01e23971-61c4-4cb3-8d6e-9e6e9dc50790","5/16/2025","e7ee9909-19a9-49e9-855c-c5226617df19","Storage","Standard HDD Managed Disks","EU West","S10 LRS Disk","0.032256","0.189912"
"Patrocinio de Microsoft Azure","01e23971-61c4-4cb3-8d6e-9e6e9dc50790","5/17/2025","e7ee9909-19a9-49e9-855c-c5226617df19","Storage","Standard HDD Managed Disks","EU West","S10 LRS Disk","0.032256","0.189912"
"Patrocinio de Microsoft Azure","01e23971-61c4-4cb3-8d6e-9e6e9dc50790","5/18/2025","e7ee9909-19a9-49e9-855c-c5226617df19","Storage","Standard HDD Managed Disks","EU West","S10 LRS Disk","0.032256","0.189912"
"Patrocinio de Microsoft Azure","01e23971-61c4-4cb3-8d6e-9e6e9dc50790","5/19/2025","e7ee9909-19a9-49e9-855c-c5226617df19","Storage","Standard HDD Managed Disks","EU West","S10 LRS Disk","0.032256","0.189912"
"Patrocinio de Microsoft Azure","01e23971-61c4-4cb3-8d6e-9e6e9dc50790","5/20/2025","e7ee9909-19a9-49e9-855c-c5226617df19","Storage","Standard HDD Managed Disks","EU West","S10 LRS Disk","0.032256","0.189912"
"Patrocinio de Microsoft Azure","01e23971-61c4-4cb3-8d6e-9e6e9dc50790","5/21/2025","e7ee9909-19a9-49e9-855c-c5226617df19","Storage","Standard HDD Managed Disks","EU West","S10 LRS Disk","0.032256","0.189912"
"Patrocinio de Microsoft Azure","01e23971-61c4-4cb3-8d6e-9e6e9dc50790","5/22/2025","e7ee9909-19a9-49e9-855c-c5226617df19","Storage","Standard HDD Managed Disks","EU West","S10 LRS Disk","0.032256","0.189912"
"Patrocinio de Microsoft Azure","01e23971-61c4-4cb3-8d6e-9e6e9dc50790","5/23/2025","e7ee9909-19a9-49e9-855c-c5226617df19","Storage","Standard HDD Managed Disks","EU West","S10 LRS Disk","0.032256","0.189912"
"Patrocinio de Microsoft Azure","01e23971-61c4-4cb3-8d6e-9e6e9dc50790","5/24/2025","e7ee9909-19a9-49e9-855c-c5226617df19","Storage","Standard HDD Managed Disks","EU West","S10 LRS Disk","0.032256","0.189912"
"Patrocinio de Microsoft Azure","01e23971-61c4-4cb3-8d6e-9e6e9dc50790","5/25/2025","e7ee9909-19a9-49e9-855c-c5226617df19","Storage","Standard HDD Managed Disks","EU West","S10 LRS Disk","0.032256","0.189912"
"Patrocinio de Microsoft Azure","01e23971-61c4-4cb3-8d6e-9e6e9dc50790","5/26/2025","e7ee9909-19a9-49e9-855c-c5226617df19","Storage","Standard HDD Managed Disks","EU West","S10 LRS Disk","0.032256","0.189912"
"Patrocinio de Microsoft Azure","01e23971-61c4-4cb3-8d6e-9e6e9dc50790","5/27/2025","e7ee9909-19a9-49e9-855c-c5226617df19","Storage","Standard HDD Managed Disks","EU West","S10 LRS Disk","0.032256","0.189912"
"Patrocinio de Microsoft Azure","01e23971-61c4-4cb3-8d6e-9e6e9dc50790","5/28/2025","e7ee9909-19a9-49e9-855c-c5226617df19","Storage","Standard HDD Managed Disks","EU West","S10 LRS Disk","0.005376","0.031652"
"Patrocinio de Microsoft Azure","01e23971-61c4-4cb3-8d6e-9e6e9dc50790","4/14/2025","15adff7b-0dab-4c00-889d-caa6d4fb31bb","Storage","Tiered Block Blob","EU West","Hot LRS Write Operations","0.0025","0.000135"
"Patrocinio de Microsoft Azure","01e23971-61c4-4cb3-8d6e-9e6e9dc50790","4/16/2025","15adff7b-0dab-4c00-889d-caa6d4fb31bb","Storage","Tiered Block Blob","EU West","Hot LRS Write Operations","0.0006","0.000032"
"Patrocinio de Microsoft Azure","01e23971-61c4-4cb3-8d6e-9e6e9dc50790","4/17/2025","15adff7b-0dab-4c00-889d-caa6d4fb31bb","Storage","Tiered Block Blob","EU West","Hot LRS Write Operations","0.0006","0.000032"
"Patrocinio de Microsoft Azure","01e23971-61c4-4cb3-8d6e-9e6e9dc50790","4/18/2025","15adff7b-0dab-4c00-889d-caa6d4fb31bb","Storage","Tiered Block Blob","EU West","Hot LRS Write Operations","0.0019","0.000102"
"Patrocinio de Microsoft Azure","01e23971-61c4-4cb3-8d6e-9e6e9dc50790","4/19/2025","15adff7b-0dab-4c00-889d-caa6d4fb31bb","Storage","Tiered Block Blob","EU West","Hot LRS Write Operations","0.0006","0.000032"
"Patrocinio de Microsoft Azure","01e23971-61c4-4cb3-8d6e-9e6e9dc50790","4/21/2025","15adff7b-0dab-4c00-889d-caa6d4fb31bb","Storage","Tiered Block Blob","EU West","Hot LRS Write Operations","0.0006","0.000032"
"Patrocinio de Microsoft Azure","01e23971-61c4-4cb3-8d6e-9e6e9dc50790","4/22/2025","15adff7b-0dab-4c00-889d-caa6d4fb31bb","Storage","Tiered Block Blob","EU West","Hot LRS Write Operations","0.0051","0.000275"
"Patrocinio de Microsoft Azure","01e23971-61c4-4cb3-8d6e-9e6e9dc50790","4/23/2025","15adff7b-0dab-4c00-889d-caa6d4fb31bb","Storage","Tiered Block Blob","EU West","Hot LRS Write Operations","0.0012","0.000064"
"Patrocinio de Microsoft Azure","01e23971-61c4-4cb3-8d6e-9e6e9dc50790","4/24/2025","15adff7b-0dab-4c00-889d-caa6d4fb31bb","Storage","Tiered Block Blob","EU West","Hot LRS Write Operations","0.0059","0.000318"
"Patrocinio de Microsoft Azure","01e23971-61c4-4cb3-8d6e-9e6e9dc50790","4/26/2025","15adff7b-0dab-4c00-889d-caa6d4fb31bb","Storage","Tiered Block Blob","EU West","Hot LRS Write Operations","0.0006","0.000032"
"Patrocinio de Microsoft Azure","01e23971-61c4-4cb3-8d6e-9e6e9dc50790","4/27/2025","15adff7b-0dab-4c00-889d-caa6d4fb31bb","Storage","Tiered Block Blob","EU West","Hot LRS Write Operations","0.0006","0.000032"
"Patrocinio de Microsoft Azure","01e23971-61c4-4cb3-8d6e-9e6e9dc50790","4/28/2025","15adff7b-0dab-4c00-889d-caa6d4fb31bb","Storage","Tiered Block Blob","EU West","Hot LRS Write Operations","0.0006","0.000032"
"Patrocinio de Microsoft Azure","01e23971-61c4-4cb3-8d6e-9e6e9dc50790","4/29/2025","15adff7b-0dab-4c00-889d-caa6d4fb31bb","Storage","Tiered Block Blob","EU West","Hot LRS Write Operations","0.0006","0.000032"
"Patrocinio de Microsoft Azure","01e23971-61c4-4cb3-8d6e-9e6e9dc50790","5/1/2025","15adff7b-0dab-4c00-889d-caa6d4fb31bb","Storage","Tiered Block Blob","EU West","Hot LRS Write Operations","0.0006","0.000032"
"Patrocinio de Microsoft Azure","01e23971-61c4-4cb3-8d6e-9e6e9dc50790","5/2/2025","15adff7b-0dab-4c00-889d-caa6d4fb31bb","Storage","Tiered Block Blob","EU West","Hot LRS Write Operations","0.0006","0.000032"
"Patrocinio de Microsoft Azure","01e23971-61c4-4cb3-8d6e-9e6e9dc50790","5/3/2025","15adff7b-0dab-4c00-889d-caa6d4fb31bb","Storage","Tiered Block Blob","EU West","Hot LRS Write Operations","0.0006","0.000032"
"Patrocinio de Microsoft Azure","01e23971-61c4-4cb3-8d6e-9e6e9dc50790","5/4/2025","15adff7b-0dab-4c00-889d-caa6d4fb31bb","Storage","Tiered Block Blob","EU West","Hot LRS Write Operations","0.0006","0.000032"
"Patrocinio de Microsoft Azure","01e23971-61c4-4cb3-8d6e-9e6e9dc50790","5/6/2025","15adff7b-0dab-4c00-889d-caa6d4fb31bb","Storage","Tiered Block Blob","EU West","Hot LRS Write Operations","0.0006","0.000032"
"Patrocinio de Microsoft Azure","01e23971-61c4-4cb3-8d6e-9e6e9dc50790","5/7/2025","15adff7b-0dab-4c00-889d-caa6d4fb31bb","Storage","Tiered Block Blob","EU West","Hot LRS Write Operations","0.0006","0.000032"
"Patrocinio de Microsoft Azure","01e23971-61c4-4cb3-8d6e-9e6e9dc50790","5/8/2025","15adff7b-0dab-4c00-889d-caa6d4fb31bb","Storage","Tiered Block Blob","EU West","Hot LRS Write Operations","0.0006","0.000032"
"Patrocinio de Microsoft Azure","01e23971-61c4-4cb3-8d6e-9e6e9dc50790","5/9/2025","15adff7b-0dab-4c00-889d-caa6d4fb31bb","Storage","Tiered Block Blob","EU West","Hot LRS Write Operations","0.0006","0.000032"
"Patrocinio de Microsoft Azure","01e23971-61c4-4cb3-8d6e-9e6e9dc50790","5/11/2025","15adff7b-0dab-4c00-889d-caa6d4fb31bb","Storage","Tiered Block Blob","EU West","Hot LRS Write Operations","0.0006","0.000032"
"Patrocinio de Microsoft Azure","01e23971-61c4-4cb3-8d6e-9e6e9dc50790","5/12/2025","15adff7b-0dab-4c00-889d-caa6d4fb31bb","Storage","Tiered Block Blob","EU West","Hot LRS Write Operations","0.0006","0.000032"
"Patrocinio de Microsoft Azure","01e23971-61c4-4cb3-8d6e-9e6e9dc50790","5/13/2025","15adff7b-0dab-4c00-889d-caa6d4fb31bb","Storage","Tiered Block Blob","EU West","Hot LRS Write Operations","0.0006","0.000032"
"Patrocinio de Microsoft Azure","01e23971-61c4-4cb3-8d6e-9e6e9dc50790","5/14/2025","15adff7b-0dab-4c00-889d-caa6d4fb31bb","Storage","Tiered Block Blob","EU West","Hot LRS Write Operations","0.0006","0.000032"
"Patrocinio de Microsoft Azure","01e23971-61c4-4cb3-8d6e-9e6e9dc50790","5/16/2025","15adff7b-0dab-4c00-889d-caa6d4fb31bb","Storage","Tiered Block Blob","EU West","Hot LRS Write Operations","0.0006","0.000032"
"Patrocinio de Microsoft Azure","01e23971-61c4-4cb3-8d6e-9e6e9dc50790","5/17/2025","15adff7b-0dab-4c00-889d-caa6d4fb31bb","Storage","Tiered Block Blob","EU West","Hot LRS Write Operations","0.0006","0.000032"
"Patrocinio de Microsoft Azure","01e23971-61c4-4cb3-8d6e-9e6e9dc50790","5/18/2025","15adff7b-0dab-4c00-889d-caa6d4fb31bb","Storage","Tiered Block Blob","EU West","Hot LRS Write Operations","0.0006","0.000032"
"Patrocinio de Microsoft Azure","01e23971-61c4-4cb3-8d6e-9e6e9dc50790","5/19/2025","15adff7b-0dab-4c00-889d-caa6d4fb31bb","Storage","Tiered Block Blob","EU West","Hot LRS Write Operations","0.0006","0.000032"
"Patrocinio de Microsoft Azure","01e23971-61c4-4cb3-8d6e-9e6e9dc50790","5/21/2025","15adff7b-0dab-4c00-889d-caa6d4fb31bb","Storage","Tiered Block Blob","EU West","Hot LRS Write Operations","0.0006","0.000032"
"Patrocinio de Microsoft Azure","01e23971-61c4-4cb3-8d6e-9e6e9dc50790","5/22/2025","15adff7b-0dab-4c00-889d-caa6d4fb31bb","Storage","Tiered Block Blob","EU West","Hot LRS Write Operations","0.0006","0.000032"
"Patrocinio de Microsoft Azure","01e23971-61c4-4cb3-8d6e-9e6e9dc50790","5/23/2025","15adff7b-0dab-4c00-889d-caa6d4fb31bb","Storage","Tiered Block Blob","EU West","Hot LRS Write Operations","0.0006","0.000032"
"Patrocinio de Microsoft Azure","01e23971-61c4-4cb3-8d6e-9e6e9dc50790","5/24/2025","15adff7b-0dab-4c00-889d-caa6d4fb31bb","Storage","Tiered Block Blob","EU West","Hot LRS Write Operations","0.0006","0.000032"
"Patrocinio de Microsoft Azure","01e23971-61c4-4cb3-8d6e-9e6e9dc50790","5/26/2025","15adff7b-0dab-4c00-889d-caa6d4fb31bb","Storage","Tiered Block Blob","EU West","Hot LRS Write Operations","0.0089","0.000480"
"Patrocinio de Microsoft Azure","01e23971-61c4-4cb3-8d6e-9e6e9dc50790","5/27/2025","15adff7b-0dab-4c00-889d-caa6d4fb31bb","Storage","Tiered Block Blob","EU West","Hot LRS Write Operations","0.0101","0.000544"
"Patrocinio de Microsoft Azure","01e23971-61c4-4cb3-8d6e-9e6e9dc50790","5/28/2025","15adff7b-0dab-4c00-889d-caa6d4fb31bb","Storage","Tiered Block Blob","EU West","Hot LRS Write Operations","0.001","0.000054"
"Patrocinio de Microsoft Azure","01e23971-61c4-4cb3-8d6e-9e6e9dc50790","4/14/2025","0f824807-2376-435c-95c9-f992b67a07b0","Key Vault","All","All","Operations","0.0004","0.000012"
"Patrocinio de Microsoft Azure","01e23971-61c4-4cb3-8d6e-9e6e9dc50790","4/18/2025","0f824807-2376-435c-95c9-f992b67a07b0","Key Vault","All","All","Operations","0.0003","0.000009"
"Patrocinio de Microsoft Azure","01e23971-61c4-4cb3-8d6e-9e6e9dc50790","4/22/2025","0f824807-2376-435c-95c9-f992b67a07b0","Key Vault","All","All","Operations","0.0013","0.000039"
"Patrocinio de Microsoft Azure","01e23971-61c4-4cb3-8d6e-9e6e9dc50790","4/23/2025","0f824807-2376-435c-95c9-f992b67a07b0","Key Vault","All","All","Operations","0.0001","0.000003"
"Patrocinio de Microsoft Azure","01e23971-61c4-4cb3-8d6e-9e6e9dc50790","4/24/2025","0f824807-2376-435c-95c9-f992b67a07b0","Key Vault","All","All","Operations","0.0031","0.000093"
"Patrocinio de Microsoft Azure","01e23971-61c4-4cb3-8d6e-9e6e9dc50790","5/26/2025","0f824807-2376-435c-95c9-f992b67a07b0","Key Vault","All","All","Operations","0.0039","0.000117"
"Patrocinio de Microsoft Azure","01e23971-61c4-4cb3-8d6e-9e6e9dc50790","5/27/2025","0f824807-2376-435c-95c9-f992b67a07b0","Key Vault","All","All","Operations","0.0033","0.000099"
"Patrocinio de Microsoft Azure","01e23971-61c4-4cb3-8d6e-9e6e9dc50790","5/28/2025","0f824807-2376-435c-95c9-f992b67a07b0","Key Vault","All","All","Operations","0.0003","0.000009"
"Patrocinio de Microsoft Azure","01e23971-61c4-4cb3-8d6e-9e6e9dc50790","4/18/2025","be63f96a-ef4b-42c1-9365-f9fa0e7431d0","Storage","Files","All","List Operations","0.0021","0.000032"
"Patrocinio de Microsoft Azure","01e23971-61c4-4cb3-8d6e-9e6e9dc50790","4/21/2025","be63f96a-ef4b-42c1-9365-f9fa0e7431d0","Storage","Files","All","List Operations","0.0008","0.000012"
"Patrocinio de Microsoft Azure","01e23971-61c4-4cb3-8d6e-9e6e9dc50790","4/22/2025","be63f96a-ef4b-42c1-9365-f9fa0e7431d0","Storage","Files","All","List Operations","0.0016","0.000025"
"Patrocinio de Microsoft Azure","01e23971-61c4-4cb3-8d6e-9e6e9dc50790","4/23/2025","be63f96a-ef4b-42c1-9365-f9fa0e7431d0","Storage","Files","All","List Operations","0.0005","0.000008"
"Patrocinio de Microsoft Azure","01e23971-61c4-4cb3-8d6e-9e6e9dc50790","4/24/2025","be63f96a-ef4b-42c1-9365-f9fa0e7431d0","Storage","Files","All","List Operations","0.0178","0.000268"
"Patrocinio de Microsoft Azure","01e23971-61c4-4cb3-8d6e-9e6e9dc50790","5/26/2025","be63f96a-ef4b-42c1-9365-f9fa0e7431d0","Storage","Files","All","List Operations","0.0791","0.001186"
"Patrocinio de Microsoft Azure","01e23971-61c4-4cb3-8d6e-9e6e9dc50790","5/27/2025","be63f96a-ef4b-42c1-9365-f9fa0e7431d0","Storage","Files","All","List Operations","0.0333","0.000501"
"Patrocinio de Microsoft Azure","01e23971-61c4-4cb3-8d6e-9e6e9dc50790","5/28/2025","be63f96a-ef4b-42c1-9365-f9fa0e7431d0","Storage","Files","All","List Operations","0.0021","0.000032"
